0,Peringatan Penyempitan Badan Jalan di Bagian Kiri dan Kanan
1,Peringatan Pelebaran Badan Jalan di Bagian Kiri dan Kanan
2,Peringatan Penyempitan Badan Jalan di Bagian Kiri
3,Peringatan Penyempitan Badan Jalan di Bagian Kanan
4,Peringatan Penyempitan Bagan Jalinan Jalan Tertentu
5,Peringatan Permukaan Jalan yang Licin
6,Peringatan Lontaran Kerikil
7,Peringatan Telah Terjadi Longsoran pada Sebelah Kiri Sisi Jalan
8,Peringatan Telah Terjadi Longsoran pada Sebelah Kanan Sisi Jalan
9,Peringatan Banyak Lalu Lintas Pejalan Kaki
10,Peringatan Banyak Lalu Lintas Pejalan Kaki Anak-anak
11,Peringatan Banyak Lalu Lintas Penyandang Cacat
12,Peringatan Banyak Lalu Lintas Sepeda
13,Peringatan Banyak Hewan ternak Melintas
14,Peringatan Banyak Hewan Liar Melintas
15,Peringatan Pekerjaan di Jalan
16,Larangan Berjalan Terus karena Wajib Berhenti Sesaat
17,Larangan MelanjutkanPerjalanan Sebelum Membayar Tarif Tol
18,Larangan Masuk Bagi Kendaraan Bermotor dan Tidak Bermotor
19,Larangan Masuk bagi Sepeda Motor
20,Larangan Masuk bagi Kendaraan Bermotor Roda Tiga
21,Larangan Masuk bagi Mobil Penumpang Perseorangan
22,Larangan Masuk bagi Mobil Barang
23,Larangan Masuk bagi Kendaraan Bermotor Umum
24,Larangan Masuk bagi Kendaraan Bermotor dengan Kereta Tempel
25,Larangan Masuk bagi Kendaraan Bermotor dengan Berat Keseluruhan Sama atau Lebih dari 5 ton
26,Larangan Masuk bagi Kendaraan Bermotor dengan Beban Sumbu Sama atau Lebih dari 8 ton
27,Batas Kecepatan 40 Km/Jam
28,Perintah Mengikuti ke Arah Kiri
29,Perintah Mengikuti ke Arah Kanan
